{
  "spec/services/targets/status_service_spec.rb": 1.756829023361206,
  "spec/models/program_week_spec.rb": 0.01178598403930664,
  "spec/models/resource_spec.rb": 1.1108651161193848,
  "spec/models/faculty_spec.rb": 0.1832268238067627,
  "spec/lita/handlers/changelog_spec.rb": 0.0014462471008300781,
  "spec/features/batch_application/0_registration_spec.rb": 5.896899700164795,
  "spec/controllers/instamojo_controller_spec.rb": 0.7779121398925781,
  "spec/validators/slack_channel_name_validator_spec.rb": 0.00831294059753418,
  "spec/services/startups/performance_service_spec.rb": 4.363296270370483,
  "spec/services/targets/stats_service_spec.rb": 7.911457538604736,
  "spec/features/batch_application/1_screening_spec.rb": 1.2321078777313232,
  "spec/features/contact_form_spec.rb": 0.38446617126464844,
  "spec/services/admission_stats_service_spec.rb": 1.2482349872589111,
  "spec/jobs/database_cleanup_job_spec.rb": 0.1701819896697998,
  "spec/features/six_ways/mooc_student_sign_in_spec.rb": 1.3751633167266846,
  "spec/features/users/manual_sign_out_spec.rb": 0.6083080768585205,
  "spec/jobs/faculty_connect_session_reminder_job_spec.rb": 0.4471449851989746,
  "spec/features/team_members_spec.rb": 1.1826403141021729,
  "spec/features/batch_application/3_coding_spec.rb": 2.703381299972534,
  "spec/services/founders/targets_filter_service_spec.rb": 0.3665809631347656,
  "spec/routing/startups_routing_spec.rb": 0.001941680908203125,
  "spec/features/startup_edit_spec.rb": 1.029545783996582,
  "spec/features/founders/dashboard_spec.rb": 4.933029651641846,
  "spec/features/talent_form_spec.rb": 5.788075923919678,
  "spec/decorators/founder_decorator_spec.rb": 0.0321807861328125,
  "spec/models/target_group_spec.rb": 0.012189865112304688,
  "spec/models/batch_applicant_spec.rb": 0.06257891654968262,
  "spec/services/startups/product_name_generator_service_spec.rb": 0.0022580623626708984,
  "spec/features/resources_spec.rb": 2.539726495742798,
  "spec/features/founder_edit_spec.rb": 0.39859580993652344,
  "spec/features/six_ways/mooc_student_sign_up_spec.rb": 1.9491753578186035,
  "spec/models/founder_spec.rb": 0.3504660129547119,
  "spec/features/batch_application/2_payment_spec.rb": 2.112058639526367,
  "spec/features/batch_application/interview_stage_spec.rb": 2.4030675888061523,
  "spec/features/batch_application/prospective_applicants_spec.rb": 3.2456912994384766,
  "spec/lib/instamojo_spec.rb": 0.021199941635131836,
  "spec/services/startups/onboard_service_spec.rb": 5.156947374343872,
  "spec/features/custom_error_pages_spec.rb": 0.060121774673461914,
  "spec/services/timeline_events/verification_service_spec.rb": 0.4718608856201172,
  "spec/helpers/faculty_helper_spec.rb": 0.0018401145935058594,
  "spec/features/batch_application/pre_selection_stage_spec.rb": 7.419780969619751,
  "spec/validators/email_validator_spec.rb": 0.0023779869079589844,
  "spec/services/users/authentication_service_spec.rb": 0.10529494285583496,
  "spec/services/targets/due_date_service_spec.rb": 0.07509088516235352,
  "spec/features/batch_application/cofounder_addition_spec.rb": 3.310102701187134,
  "spec/features/feedback_popup_spec.rb": 2.720980644226074,
  "spec/services/timeline_event_types/list_service_spec.rb": 0.2122821807861328,
  "spec/features/weekly_slots_spec.rb": 3.2089970111846924,
  "spec/lib/public_slack_talk_spec.rb": 0.2436068058013916,
  "spec/jobs/admission_stats_notification_job_spec.rb": 0.0500798225402832,
  "spec/models/timeline_event_spec.rb": 1.1118597984313965,
  "spec/lita/handlers/glossary_spec.rb": 0.019710063934326172,
  "spec/controllers/targets_controller_spec.rb": 0.20196199417114258,
  "spec/features/dm_startup_feedback_spec.rb": 3.4704222679138184,
  "spec/jobs/batch_sweep_job_spec.rb": 5.506539821624756,
  "spec/models/user_spec.rb": 0.01171422004699707,
  "spec/features/founders/timeline_builder_spec.rb": 8.190688133239746,
  "spec/lita/handlers/stats_spec.rb": 0.03460574150085449,
  "spec/services/team_lead_restoration_service_spec.rb": 0.9048144817352295,
  "spec/services/batch_applications/mark_interview_attended_service_spec.rb": 0.5041258335113525,
  "spec/validators/mobile_number_validator_spec.rb": 0.0083770751953125,
  "spec/features/faculty_connect_spec.rb": 3.227978467941284,
  "spec/models/batch_spec.rb": 0.017172813415527344,
  "spec/models/startup_spec.rb": 1.4236729145050049,
  "spec/lita/handlers/backup_spec.rb": 0.19721269607543945,
  "spec/models/batch_application_spec.rb": 0.8982658386230469,
  "spec/controllers/resources_controller_spec.rb": 0.09368896484375,
  "spec/validators/indian_mobile_number_validator_spec.rb": 0.006773471832275391
}