{
  "spec/features/six_ways/mooc_student_sign_up_spec.rb": 1.9256846904754639,
  "spec/jobs/batch_sweep_job_spec.rb": 2.990673780441284,
  "spec/features/contact_form_spec.rb": 0.4379119873046875,
  "spec/validators/indian_mobile_number_validator_spec.rb": 0.0068817138671875,
  "spec/controllers/resources_controller_spec.rb": 0.10325098037719727,
  "spec/models/batch_applicant_spec.rb": 0.05355191230773926,
  "spec/decorators/founder_decorator_spec.rb": 0.028635025024414062,
  "spec/services/timeline_event_types/list_service_spec.rb": 0.17340517044067383,
  "spec/validators/mobile_number_validator_spec.rb": 0.00736689567565918,
  "spec/lib/public_slack_talk_spec.rb": 0.1977231502532959,
  "spec/features/feedback_popup_spec.rb": 3.9825990200042725,
  "spec/validators/email_validator_spec.rb": 0.0032198429107666016,
  "spec/lita/handlers/stats_spec.rb": 0.047521114349365234,
  "spec/features/admin/targets_spec.rb": 0.6816771030426025,
  "spec/services/team_lead_restoration_service_spec.rb": 0.769097089767456,
  "spec/services/targets/status_service_spec.rb": 1.6111392974853516,
  "spec/models/batch_application_spec.rb": 0.5997686386108398,
  "spec/validators/slack_channel_name_validator_spec.rb": 0.007706880569458008,
  "spec/lita/handlers/leaderboard_spec.rb": 0.028168916702270508,
  "spec/services/users/authentication_service_spec.rb": 0.12786483764648438,
  "spec/helpers/faculty_helper_spec.rb": 0.001547098159790039,
  "spec/services/startups/onboard_service_spec.rb": 3.5930869579315186,
  "spec/features/batch_application/applying_to_sv_co_spec.rb": 2.400460958480835,
  "spec/services/startups/product_name_generator_service_spec.rb": 0.0014047622680664062,
  "spec/features/dm_startup_feedback_spec.rb": 3.1692636013031006,
  "spec/features/team_members_spec.rb": 1.248474359512329,
  "spec/features/weekly_slots_spec.rb": 2.6153388023376465,
  "spec/features/custom_error_pages_spec.rb": 0.08626103401184082,
  "spec/models/resource_spec.rb": 1.2149720191955566,
  "spec/features/faculty_connect_spec.rb": 2.751305341720581,
  "spec/routing/startups_routing_spec.rb": 0.0017049312591552734,
  "spec/services/batch_applications/mark_interview_attended_service_spec.rb": 0.39192628860473633,
  "spec/features/batch_application/cofounder_addition_spec.rb": 0.42941927909851074,
  "spec/jobs/database_cleanup_job_spec.rb": 0.15184688568115234,
  "spec/lita/handlers/backup_spec.rb": 0.21602272987365723,
  "spec/features/talent_form_spec.rb": 4.157826662063599,
  "spec/services/startups/performance_service_spec.rb": 3.204136610031128,
  "spec/features/batch_application/interview_stage_spec.rb": 1.2549011707305908,
  "spec/controllers/instamojo_controller_spec.rb": 0.2767176628112793,
  "spec/models/program_week_spec.rb": 0.011586666107177734,
  "spec/jobs/faculty_connect_session_reminder_job_spec.rb": 0.39443325996398926,
  "spec/features/resources_spec.rb": 2.6815345287323,
  "spec/features/six_ways/mooc_student_sign_in_spec.rb": 1.5026330947875977,
  "spec/features/founders/dashboard_spec.rb": 5.152349948883057,
  "spec/services/targets/stats_service_spec.rb": 8.442928075790405,
  "spec/models/founder_spec.rb": 0.31833410263061523,
  "spec/models/faculty_spec.rb": 0.1338815689086914,
  "spec/models/timeline_event_spec.rb": 0.9630203247070312,
  "spec/features/batch_application/pre_selection_stage_spec.rb": 5.548484802246094,
  "spec/features/startup_edit_spec.rb": 0.7829604148864746,
  "spec/lita/handlers/changelog_spec.rb": 0.0014448165893554688,
  "spec/lib/instamojo_spec.rb": 0.01747918128967285,
  "spec/features/batch_application/prospective_applicants_spec.rb": 0.09745979309082031,
  "spec/jobs/admission_stats_notification_job_spec.rb": 0.04745602607727051,
  "spec/features/users/manual_sign_out_spec.rb": 0.47118163108825684,
  "spec/lita/handlers/glossary_spec.rb": 0.014727115631103516,
  "spec/models/startup_spec.rb": 1.179673671722412,
  "spec/features/founders/timeline_builder_spec.rb": 7.821703672409058,
  "spec/models/target_group_spec.rb": 0.011768817901611328,
  "spec/models/user_spec.rb": 0.011291265487670898
}