{
  "spec/models/batch_application_spec.rb": 1.7159662246704102,
  "spec/policies/faculty_policy_spec.rb": 0.6053225994110107,
  "spec/models/startup_spec.rb": 1.0948116779327393,
  "spec/jobs/timeline_event_verification_notification_job_spec.rb": 0.46068310737609863,
  "spec/jobs/timeline_events/description_update_notification_job_spec.rb": 0.1048879623413086,
  "spec/models/target_group_spec.rb": 0.012914896011352539,
  "spec/services/startups/product_name_generator_service_spec.rb": 0.0027408599853515625,
  "spec/services/karma_points/create_service_spec.rb": 0.8221707344055176,
  "spec/models/founder_spec.rb": 0.2632420063018799,
  "spec/services/team_lead_restoration_service_spec.rb": 1.7203943729400635,
  "spec/models/user_spec.rb": 0.01045083999633789,
  "spec/jobs/faculty_connect_session_reminder_job_spec.rb": 2.1190454959869385,
  "spec/services/timeline_events/verification_service_spec.rb": 1.7431659698486328,
  "spec/lita/handlers/backup_spec.rb": 0.2236635684967041,
  "spec/features/admissions/prospective_applicants_spec.rb": 5.122259855270386,
  "spec/services/targets/bulk_status_service_spec.rb": 2.8696489334106445,
  "spec/services/admission_stats_service_spec.rb": 2.3231163024902344,
  "spec/validators/email_validator_spec.rb": 0.0022797584533691406,
  "spec/features/users/manual_sign_out_spec.rb": 0.7252769470214844,
  "spec/models/batch_spec.rb": 0.013272523880004883,
  "spec/features/admissions/screening_spec.rb": 3.8983089923858643,
  "spec/features/founder_edit_spec.rb": 5.113422870635986,
  "spec/features/startup_edit_spec.rb": 0.8568353652954102,
  "spec/lib/public_slack_talk_spec.rb": 0.2620859146118164,
  "spec/features/admissions/payment_spec.rb": 2.067192316055298,
  "spec/features/admissions/registration_spec.rb": 4.39776086807251,
  "spec/controllers/startups_controller_spec.rb": 0.17049717903137207,
  "spec/features/custom_error_pages_spec.rb": 0.05562019348144531,
  "spec/services/targets/status_service_spec.rb": 1.7534430027008057,
  "spec/features/founders/timeline_builder_spec.rb": 10.58318567276001,
  "spec/validators/slack_channel_name_validator_spec.rb": 0.007063865661621094,
  "spec/validators/indian_mobile_number_validator_spec.rb": 0.00664830207824707,
  "spec/jobs/intercom_last_applicant_event_update_job_spec.rb": 0.0537867546081543,
  "spec/services/users/authentication_service_spec.rb": 0.12242794036865234,
  "spec/services/targets/bulk_grade_service_spec.rb": 0.2036600112915039,
  "spec/controllers/instamojo_controller_spec.rb": 0.9411940574645996,
  "spec/helpers/faculty_helper_spec.rb": 0.001650094985961914,
  "spec/controllers/resources_controller_spec.rb": 0.1141672134399414,
  "spec/jobs/batch_sweep_job_spec.rb": 7.046198129653931,
  "spec/services/intercom/inactive_user_deletion_service_spec.rb": 0.01823115348815918,
  "spec/lib/instamojo_spec.rb": 0.017870187759399414,
  "spec/features/founders/dashboard_spec.rb": 13.730750560760498,
  "spec/models/program_week_spec.rb": 0.021079063415527344,
  "spec/features/weekly_slots_spec.rb": 3.735806465148926,
  "spec/lita/handlers/changelog_spec.rb": 0.018383026123046875,
  "spec/models/batch_applicant_spec.rb": 0.0676584243774414,
  "spec/controllers/targets_controller_spec.rb": 1.9436264038085938,
  "spec/services/timeline_event_types/list_service_spec.rb": 0.23989200592041016,
  "spec/features/dm_startup_feedback_spec.rb": 4.581329107284546,
  "spec/models/faculty_spec.rb": 0.17877674102783203,
  "spec/decorators/founder_decorator_spec.rb": 0.041558265686035156,
  "spec/validators/mobile_number_validator_spec.rb": 0.008126974105834961,
  "spec/services/batch_applications/mark_interview_attended_service_spec.rb": 0.7771735191345215,
  "spec/services/founders/registration_service_spec.rb": 0.10855531692504883,
  "spec/features/admissions/pre_selection_stage_spec.rb": 16.368118047714233,
  "spec/services/targets/stats_service_spec.rb": 9.31685471534729,
  "spec/lita/handlers/glossary_spec.rb": 0.01964092254638672,
  "spec/services/weekly_karma_points/create_service_spec.rb": 0.7508680820465088,
  "spec/services/startups/level_up_service_spec.rb": 0.35690808296203613,
  "spec/services/startups/leaderboard_service_spec.rb": 1.8546361923217773,
  "spec/features/feedback_popup_spec.rb": 1.8552896976470947,
  "spec/jobs/database_cleanup_job_spec.rb": 0.18668007850646973,
  "spec/policies/resource_policy_spec.rb": 0.6789848804473877,
  "spec/features/six_ways/mooc_student_sign_in_spec.rb": 2.2121315002441406,
  "spec/jobs/admission_stats_notification_job_spec.rb": 0.03593802452087402,
  "spec/features/resources_spec.rb": 1.346712589263916,
  "spec/validators/limit_image_resolution_validator_spec.rb": 0.0033111572265625,
  "spec/features/about/leaderboard_spec.rb": 0.5788953304290771,
  "spec/services/startups/level_up_eligibility_service_spec.rb": 1.1199660301208496,
  "spec/features/team_members_spec.rb": 1.4445090293884277,
  "spec/services/startups/performance_service_spec.rb": 0.8024780750274658,
  "spec/features/faculty/connect_spec.rb": 2.930034875869751,
  "spec/features/six_ways/mooc_student_sign_up_spec.rb": 4.418558835983276,
  "spec/jobs/vocalist_ping_job_spec.rb": 0.22841787338256836,
  "spec/services/users/confirmation_service_spec.rb": 0.16649603843688965,
  "spec/features/talent_form_spec.rb": 4.732828855514526,
  "spec/services/founders/dashboard_data_service_spec.rb": 3.0124895572662354,
  "spec/lita/handlers/leaderboard_spec.rb": 0.9988796710968018,
  "spec/models/timeline_event_spec.rb": 1.1956753730773926,
  "spec/features/admissions/edit_founders_spec.rb": 8.407396793365479,
  "spec/services/startups/restart_service_spec.rb": 0.4379699230194092
}