{
  "spec/features/weekly_slots_spec.rb": 9.961232662200928,
  "spec/controllers/startups_controller_spec.rb": 0.5604667663574219,
  "spec/services/startups/performance_service_spec.rb": 1.0328032970428467,
  "spec/services/startups/product_name_generator_service_spec.rb": 0.004353046417236328,
  "spec/validators/email_validator_spec.rb": 0.0032029151916503906,
  "spec/models/startup_spec.rb": 1.6075291633605957,
  "spec/features/startup_edit_spec.rb": 1.3316669464111328,
  "spec/lita/handlers/changelog_spec.rb": 0.03205108642578125,
  "spec/services/targets/stats_service_spec.rb": 11.278152227401733,
  "spec/services/targets/bulk_status_service_spec.rb": 3.2786595821380615,
  "spec/jobs/faculty_connect_session_reminder_job_spec.rb": 0.834204912185669,
  "spec/features/about/leaderboard_spec.rb": 0.7758908271789551,
  "spec/features/custom_error_pages_spec.rb": 0.05566811561584473,
  "spec/models/faculty_spec.rb": 0.10801410675048828,
  "spec/services/public_slack/message_service_spec.rb": 0.18290281295776367,
  "spec/services/users/confirmation_service_spec.rb": 0.22739529609680176,
  "spec/features/admissions/screening_spec.rb": 5.683046817779541,
  "spec/models/founder_spec.rb": 0.38260602951049805,
  "spec/models/timeline_event_spec.rb": 1.3665082454681396,
  "spec/policies/faculty_policy_spec.rb": 0.8161947727203369,
  "spec/services/startups/restart_service_spec.rb": 0.591677188873291,
  "spec/services/founders/registration_service_spec.rb": 0.18709564208984375,
  "spec/services/timeline_events/verification_service_spec.rb": 2.422494888305664,
  "spec/features/faculty/connect_spec.rb": 3.946852922439575,
  "spec/features/users/manual_sign_out_spec.rb": 0.7540609836578369,
  "spec/jobs/timeline_events/description_update_notification_job_spec.rb": 0.1391439437866211,
  "spec/validators/indian_mobile_number_validator_spec.rb": 0.012809991836547852,
  "spec/validators/mobile_number_validator_spec.rb": 0.014587163925170898,
  "spec/validators/slack_channel_name_validator_spec.rb": 0.01296234130859375,
  "spec/services/startups/leaderboard_service_spec.rb": 2.6505320072174072,
  "spec/validators/limit_image_resolution_validator_spec.rb": 0.005721092224121094,
  "spec/controllers/targets_controller_spec.rb": 2.8366222381591797,
  "spec/jobs/vocalist_ping_job_spec.rb": 0.3039538860321045,
  "spec/jobs/intercom_last_applicant_event_update_job_spec.rb": 0.08904600143432617,
  "spec/features/admissions/payment_spec.rb": 4.016648054122925,
  "spec/policies/resource_policy_spec.rb": 0.9602158069610596,
  "spec/jobs/intercom_new_applicant_create_job_spec.rb": 0.07023286819458008,
  "spec/services/targets/bulk_grade_service_spec.rb": 0.242340087890625,
  "spec/helpers/faculty_helper_spec.rb": 0.0021250247955322266,
  "spec/services/targets/status_service_spec.rb": 2.024606704711914,
  "spec/features/team_members_spec.rb": 1.845191240310669,
  "spec/jobs/timeline_event_verification_notification_job_spec.rb": 0.48470020294189453,
  "spec/features/admissions/edit_founders_spec.rb": 15.976083278656006,
  "spec/services/startups/level_up_service_spec.rb": 0.48725008964538574,
  "spec/lib/instamojo_spec.rb": 0.021944761276245117,
  "spec/services/startups/level_up_eligibility_service_spec.rb": 1.3117191791534424,
  "spec/lita/handlers/leaderboard_spec.rb": 1.21604585647583,
  "spec/features/admissions/registration_spec.rb": 20.55680537223816,
  "spec/services/founders/accept_invitation_service_spec.rb": 2.5139248371124268,
  "spec/features/feedback_popup_spec.rb": 2.60325026512146,
  "spec/features/six_ways/mooc_student_sign_in_spec.rb": 2.931788921356201,
  "spec/features/resources_spec.rb": 2.2757298946380615,
  "spec/features/talent_form_spec.rb": 10.023228168487549,
  "spec/features/dm_startup_feedback_spec.rb": 2.7601237297058105,
  "spec/services/weekly_karma_points/create_service_spec.rb": 1.3564279079437256,
  "spec/services/shortened_urls/shorten_service_spec.rb": 0.15607619285583496,
  "spec/controllers/resources_controller_spec.rb": 0.19264006614685059,
  "spec/services/users/authentication_service_spec.rb": 0.15828561782836914,
  "spec/features/founders/timeline_builder_spec.rb": 15.900676012039185,
  "spec/features/founders/dashboard_spec.rb": 22.206462860107422,
  "spec/services/timeline_event_types/list_service_spec.rb": 0.2697741985321045,
  "spec/services/coupons/applicability_service_spec.rb": 0.28069496154785156,
  "spec/services/founders/dashboard_data_service_spec.rb": 3.3016631603240967,
  "spec/models/user_spec.rb": 0.016867876052856445,
  "spec/services/karma_points/create_service_spec.rb": 1.1017208099365234,
  "spec/features/founder_edit_spec.rb": 4.73296594619751,
  "spec/lita/handlers/backup_spec.rb": 0.46538424491882324,
  "spec/controllers/instamojo_controller_spec.rb": 1.873619556427002,
  "spec/services/intercom/inactive_user_deletion_service_spec.rb": 0.01591014862060547,
  "spec/features/six_ways/mooc_student_sign_up_spec.rb": 4.628819942474365,
  "spec/lib/public_slack_talk_spec.rb": 0.40521788597106934,
  "spec/services/public_slack/send_file_service_spec.rb": 0.060294151306152344,
  "spec/decorators/founder_decorator_spec.rb": 0.05901527404785156,
  "spec/jobs/database_cleanup_job_spec.rb": 0.245650053024292,
  "spec/services/users/analytics_state_service_spec.rb": 1.8221735954284668
}