{
  "spec/features/batch_application/interview_stage_spec.rb": 18.105188131332397,
  "spec/models/program_week_spec.rb": 0.02722907066345215,
  "spec/jobs/batch_sweep_job_spec.rb": 3.375760316848755,
  "spec/features/dm_startup_feedback_spec.rb": 4.192049980163574,
  "spec/services/targets/status_service_spec.rb": 1.685131311416626,
  "spec/jobs/faculty_connect_session_reminder_job_spec.rb": 0.4833097457885742,
  "spec/features/six_ways/mooc_student_sign_in_spec.rb": 3.7357373237609863,
  "spec/features/batch_application/pre_selection_stage_spec.rb": 6.416091680526733,
  "spec/models/batch_applicant_spec.rb": 0.07481813430786133,
  "spec/services/timeline_event_types/list_service_spec.rb": 0.21323800086975098,
  "spec/models/user_spec.rb": 0.012529373168945312,
  "spec/jobs/database_cleanup_job_spec.rb": 0.17601513862609863,
  "spec/services/startups/performance_service_spec.rb": 3.7661032676696777,
  "spec/lita/handlers/glossary_spec.rb": 0.02077317237854004,
  "spec/services/targets/stats_service_spec.rb": 9.88274073600769,
  "spec/models/batch_application_spec.rb": 0.7397651672363281,
  "spec/models/target_group_spec.rb": 0.012425899505615234,
  "spec/validators/email_validator_spec.rb": 0.002422332763671875,
  "spec/lita/handlers/changelog_spec.rb": 0.0018010139465332031,
  "spec/features/six_ways/mooc_student_sign_up_spec.rb": 0.3730189800262451,
  "spec/features/batch_application/applying_to_sv_co_spec.rb": 2.5986549854278564,
  "spec/features/resources_spec.rb": 2.9251954555511475,
  "spec/lib/instamojo_spec.rb": 0.02176690101623535,
  "spec/lita/handlers/stats_spec.rb": 0.040265798568725586,
  "spec/routing/startups_routing_spec.rb": 0.0017888545989990234,
  "spec/features/feedback_popup_spec.rb": 3.252032518386841,
  "spec/features/talent_form_spec.rb": 4.9936089515686035,
  "spec/services/users/authentication_service_spec.rb": 0.15817832946777344,
  "spec/models/faculty_spec.rb": 0.14392399787902832,
  "spec/jobs/admission_stats_notification_job_spec.rb": 0.058049917221069336,
  "spec/features/custom_error_pages_spec.rb": 0.0767982006072998,
  "spec/controllers/resources_controller_spec.rb": 0.09399294853210449,
  "spec/features/founder_dashboard_spec.rb": 6.047399997711182,
  "spec/validators/slack_channel_name_validator_spec.rb": 0.008749008178710938,
  "spec/features/batch_application/prospective_applicants_spec.rb": 0.11027693748474121,
  "spec/validators/indian_mobile_number_validator_spec.rb": 0.008067607879638672,
  "spec/features/faculty_connect_spec.rb": 3.190279960632324,
  "spec/models/founder_spec.rb": 0.3973042964935303,
  "spec/features/founders/timeline_builder_spec.rb": 3.7166941165924072,
  "spec/helpers/faculty_helper_spec.rb": 0.0026128292083740234,
  "spec/lita/handlers/backup_spec.rb": 0.28186821937561035,
  "spec/services/team_lead_restoration_service_spec.rb": 0.8885223865509033,
  "spec/features/startup_edit_spec.rb": 0.9103219509124756,
  "spec/features/admin/targets_spec.rb": 0.5618870258331299,
  "spec/lib/public_slack_talk_spec.rb": 0.2233905792236328,
  "spec/features/users/manual_sign_out_spec.rb": 0.6169970035552979,
  "spec/features/weekly_slots_spec.rb": 2.6105740070343018,
  "spec/models/timeline_event_spec.rb": 1.1265161037445068,
  "spec/features/contact_form_spec.rb": 0.34176182746887207,
  "spec/lita/handlers/leaderboard_spec.rb": 0.034702301025390625,
  "spec/features/batch_application/cofounder_addition_spec.rb": 0.49814534187316895,
  "spec/models/startup_spec.rb": 1.3071260452270508,
  "spec/models/resource_spec.rb": 1.3400006294250488,
  "spec/decorators/founder_decorator_spec.rb": 0.03375101089477539,
  "spec/services/batch_applications/mark_interview_attended_service_spec.rb": 0.40460705757141113,
  "spec/validators/mobile_number_validator_spec.rb": 0.008238792419433594,
  "spec/controllers/instamojo_controller_spec.rb": 0.33187365531921387,
  "spec/features/team_members_spec.rb": 1.3877699375152588,
  "spec/services/startups/onboard_service_spec.rb": 4.176633834838867,
  "spec/services/startups/product_name_generator_service_spec.rb": 0.0013120174407958984
}