{
  "spec/lita/handlers/glossary_spec.rb": 0.025706052780151367,
  "spec/lita/handlers/leaderboard_spec.rb": 0.0075609683990478516,
  "spec/features/feedback_popup_spec.rb": 6.168751001358032,
  "spec/services/startups/level_up_service_spec.rb": 0.17585515975952148,
  "spec/controllers/instamojo_controller_spec.rb": 0.6895017623901367,
  "spec/features/talent_form_spec.rb": 4.358146667480469,
  "spec/services/admission_stats_service_spec.rb": 1.148324728012085,
  "spec/services/startups/restart_service_spec.rb": 0.37091994285583496,
  "spec/models/target_group_spec.rb": 0.03473401069641113,
  "spec/features/resources_spec.rb": 2.543382167816162,
  "spec/features/custom_error_pages_spec.rb": 0.060041189193725586,
  "spec/validators/mobile_number_validator_spec.rb": 0.008512496948242188,
  "spec/lita/handlers/backup_spec.rb": 0.21543288230895996,
  "spec/features/startup_edit_spec.rb": 0.7119123935699463,
  "spec/services/timeline_events/verification_service_spec.rb": 1.1320557594299316,
  "spec/features/users/manual_sign_out_spec.rb": 0.45226573944091797,
  "spec/features/weekly_slots_spec.rb": 2.5966081619262695,
  "spec/lita/handlers/changelog_spec.rb": 0.0014729499816894531,
  "spec/features/batch_application/interview_stage_spec.rb": 2.1426544189453125,
  "spec/jobs/faculty_connect_session_reminder_job_spec.rb": 0.38756489753723145,
  "spec/features/batch_application/3_coding_spec.rb": 2.9913580417633057,
  "spec/features/batch_application/cofounder_addition_spec.rb": 3.3475451469421387,
  "spec/jobs/batch_sweep_job_spec.rb": 4.930005073547363,
  "spec/features/founders/dashboard_spec.rb": 2.6299118995666504,
  "spec/features/dm_startup_feedback_spec.rb": 3.305405616760254,
  "spec/features/batch_application/1_screening_spec.rb": 1.1910779476165771,
  "spec/decorators/founder_decorator_spec.rb": 0.028417348861694336,
  "spec/lib/instamojo_spec.rb": 0.015437841415405273,
  "spec/features/six_ways/mooc_student_sign_up_spec.rb": 1.6543488502502441,
  "spec/features/batch_application/0_registration_spec.rb": 1.4392597675323486,
  "spec/models/batch_application_spec.rb": 0.8102157115936279,
  "spec/models/startup_spec.rb": 1.0562360286712646,
  "spec/services/targets/status_service_spec.rb": 1.933182716369629,
  "spec/services/startups/onboard_service_spec.rb": 5.091272592544556,
  "spec/lib/public_slack_talk_spec.rb": 0.20137357711791992,
  "spec/jobs/timeline_event_verification_notification_job_spec.rb": 0.33906102180480957,
  "spec/models/batch_spec.rb": 0.013264179229736328,
  "spec/services/timeline_event_types/list_service_spec.rb": 0.1710829734802246,
  "spec/services/startups/product_name_generator_service_spec.rb": 0.0012590885162353516,
  "spec/controllers/startups_controller_spec.rb": 0.15928173065185547,
  "spec/models/batch_applicant_spec.rb": 0.07685065269470215,
  "spec/jobs/database_cleanup_job_spec.rb": 0.1535329818725586,
  "spec/features/batch_application/pre_selection_stage_spec.rb": 7.548410654067993,
  "spec/jobs/timeline_events/description_update_notification_job_spec.rb": 0.08887767791748047,
  "spec/controllers/resources_controller_spec.rb": 0.08800601959228516,
  "spec/features/team_members_spec.rb": 1.0801784992218018,
  "spec/models/founder_spec.rb": 0.21678805351257324,
  "spec/features/founder_edit_spec.rb": 3.364165782928467,
  "spec/services/team_lead_restoration_service_spec.rb": 0.9798991680145264,
  "spec/services/intercom/inactive_user_deletion_service_spec.rb": 0.01774120330810547,
  "spec/services/startups/performance_service_spec.rb": 4.046761989593506,
  "spec/validators/slack_channel_name_validator_spec.rb": 0.0065953731536865234,
  "spec/models/timeline_event_spec.rb": 0.8833801746368408,
  "spec/models/resource_spec.rb": 0.9766185283660889,
  "spec/models/faculty_spec.rb": 0.12572240829467773,
  "spec/features/faculty_connect_spec.rb": 2.413209915161133,
  "spec/services/startups/level_up_eligibility_service_spec.rb": 0.3696861267089844,
  "spec/validators/limit_image_resolution_validator_spec.rb": 0.0035016536712646484,
  "spec/helpers/faculty_helper_spec.rb": 0.0015561580657958984,
  "spec/features/batch_application/2_payment_spec.rb": 2.0756642818450928,
  "spec/jobs/admission_stats_notification_job_spec.rb": 0.03609180450439453,
  "spec/jobs/vocalist_ping_job_spec.rb": 0.1515791416168213,
  "spec/features/batch_application/prospective_applicants_spec.rb": 2.1302409172058105,
  "spec/services/users/authentication_service_spec.rb": 0.10435032844543457,
  "spec/controllers/targets_controller_spec.rb": 0.23628711700439453,
  "spec/models/program_week_spec.rb": 0.010808944702148438,
  "spec/services/targets/stats_service_spec.rb": 8.262702941894531,
  "spec/services/batch_applications/mark_interview_attended_service_spec.rb": 0.4066479206085205,
  "spec/models/user_spec.rb": 0.009798288345336914,
  "spec/validators/email_validator_spec.rb": 0.0020906925201416016,
  "spec/features/six_ways/mooc_student_sign_in_spec.rb": 1.5088729858398438,
  "spec/validators/indian_mobile_number_validator_spec.rb": 0.009928226470947266
}
