{
  "spec/jobs/vocalist_ping_job_spec.rb": 0.44298815727233887,
  "spec/services/targets/bulk_status_service_spec.rb": 2.4862918853759766,
  "spec/jobs/faculty_connect_session_reminder_job_spec.rb": 1.726072072982788,
  "spec/policies/resource_policy_spec.rb": 0.6632518768310547,
  "spec/features/admissions/registration_spec.rb": 12.446662425994873,
  "spec/features/resources_spec.rb": 1.5227031707763672,
  "spec/services/founders/registration_service_spec.rb": 0.11770915985107422,
  "spec/features/admissions/screening_spec.rb": 3.2983498573303223,
  "spec/services/startups/performance_service_spec.rb": 0.8098287582397461,
  "spec/features/faculty/connect_spec.rb": 2.56365966796875,
  "spec/services/targets/bulk_grade_service_spec.rb": 0.1832442283630371,
  "spec/lita/handlers/backup_spec.rb": 0.26493382453918457,
  "spec/services/users/confirmation_service_spec.rb": 0.16306018829345703,
  "spec/features/talent_form_spec.rb": 4.471090793609619,
  "spec/services/startups/product_name_generator_service_spec.rb": 0.003091096878051758,
  "spec/services/users/authentication_service_spec.rb": 0.11153340339660645,
  "spec/features/founder_edit_spec.rb": 4.104550838470459,
  "spec/services/users/analytics_state_service_spec.rb": 1.2237560749053955,
  "spec/controllers/resources_controller_spec.rb": 0.09930014610290527,
  "spec/lita/handlers/changelog_spec.rb": 0.01939105987548828,
  "spec/models/startup_spec.rb": 1.1243939399719238,
  "spec/services/karma_points/create_service_spec.rb": 0.6711390018463135,
  "spec/features/admissions/edit_founders_spec.rb": 7.910673141479492,
  "spec/features/six_ways/mooc_student_sign_in_spec.rb": 2.105827808380127,
  "spec/validators/email_validator_spec.rb": 0.002148866653442383,
  "spec/helpers/faculty_helper_spec.rb": 0.001728057861328125,
  "spec/services/coupons/applicability_service_spec.rb": 0.23007726669311523,
  "spec/services/founders/accept_invitation_service_spec.rb": 1.8403511047363281,
  "spec/services/startups/level_up_service_spec.rb": 0.32984089851379395,
  "spec/services/intercom/inactive_user_deletion_service_spec.rb": 0.010736227035522461,
  "spec/services/startups/restart_service_spec.rb": 0.4271211624145508,
  "spec/controllers/targets_controller_spec.rb": 1.8602595329284668,
  "spec/validators/indian_mobile_number_validator_spec.rb": 0.007466554641723633,
  "spec/jobs/timeline_events/description_update_notification_job_spec.rb": 0.09909296035766602,
  "spec/lib/public_slack_talk_spec.rb": 0.28195738792419434,
  "spec/models/faculty_spec.rb": 0.08072447776794434,
  "spec/features/users/manual_sign_out_spec.rb": 0.6256051063537598,
  "spec/services/weekly_karma_points/create_service_spec.rb": 0.7580630779266357,
  "spec/services/startups/leaderboard_service_spec.rb": 1.8142194747924805,
  "spec/features/six_ways/mooc_student_sign_up_spec.rb": 3.3428196907043457,
  "spec/lib/instamojo_spec.rb": 0.016455888748168945,
  "spec/validators/slack_channel_name_validator_spec.rb": 0.00850677490234375,
  "spec/services/targets/status_service_spec.rb": 1.4963338375091553,
  "spec/decorators/founder_decorator_spec.rb": 0.04259920120239258,
  "spec/validators/limit_image_resolution_validator_spec.rb": 0.0032029151916503906,
  "spec/jobs/intercom_new_applicant_create_job_spec.rb": 0.04994988441467285,
  "spec/features/founders/dashboard_spec.rb": 13.60907769203186,
  "spec/jobs/timeline_event_verification_notification_job_spec.rb": 0.35144996643066406,
  "spec/services/public_slack/send_file_service_spec.rb": 0.043982744216918945,
  "spec/features/about/leaderboard_spec.rb": 0.5989327430725098,
  "spec/models/user_spec.rb": 0.010612964630126953,
  "spec/jobs/intercom_last_applicant_event_update_job_spec.rb": 0.0485231876373291,
  "spec/policies/faculty_policy_spec.rb": 0.6291677951812744,
  "spec/controllers/startups_controller_spec.rb": 0.1837158203125,
  "spec/services/founders/dashboard_data_service_spec.rb": 2.1128687858581543,
  "spec/services/shortened_urls/shorten_service_spec.rb": 0.07708239555358887,
  "spec/features/admissions/prospective_applicants_spec.rb": 1.8543829917907715,
  "spec/features/founders/timeline_builder_spec.rb": 10.345911979675293,
  "spec/features/dm_startup_feedback_spec.rb": 3.246155023574829,
  "spec/services/startups/level_up_eligibility_service_spec.rb": 0.9180417060852051,
  "spec/lita/handlers/leaderboard_spec.rb": 0.8757798671722412,
  "spec/models/batch_spec.rb": 0.012413263320922852,
  "spec/services/targets/stats_service_spec.rb": 7.980529546737671,
  "spec/features/startup_edit_spec.rb": 0.8490166664123535,
  "spec/features/weekly_slots_spec.rb": 3.87992787361145,
  "spec/controllers/instamojo_controller_spec.rb": 1.283646583557129,
  "spec/services/timeline_event_types/list_service_spec.rb": 0.14308881759643555,
  "spec/features/team_members_spec.rb": 1.3805956840515137,
  "spec/features/admissions/payment_spec.rb": 2.910311222076416,
  "spec/validators/mobile_number_validator_spec.rb": 0.008651971817016602,
  "spec/services/timeline_events/verification_service_spec.rb": 1.7985737323760986,
  "spec/models/founder_spec.rb": 0.24543476104736328,
  "spec/features/feedback_popup_spec.rb": 1.7971749305725098,
  "spec/jobs/database_cleanup_job_spec.rb": 0.19757390022277832,
  "spec/services/public_slack/message_service_spec.rb": 0.13840818405151367,
  "spec/models/timeline_event_spec.rb": 1.0449063777923584,
  "spec/features/custom_error_pages_spec.rb": 0.038786888122558594
}