{
  "spec/services/founders/accept_invitation_service_spec.rb": 4.5262274742126465,
  "spec/lib/public_slack_talk_spec.rb": 0.2895240783691406,
  "spec/features/team_members_spec.rb": 2.057823896408081,
  "spec/lib/instamojo_spec.rb": 0.019324541091918945,
  "spec/jobs/intercom_new_applicant_create_job_spec.rb": 0.0787358283996582,
  "spec/validators/email_validator_spec.rb": 0.002307891845703125,
  "spec/validators/slack_channel_name_validator_spec.rb": 0.008026123046875,
  "spec/services/founders/post_payment_service_spec.rb": 0.34827399253845215,
  "spec/services/users/analytics_state_service_spec.rb": 1.9951441287994385,
  "spec/services/targets/stats_service_spec.rb": 10.662694454193115,
  "spec/models/faculty_spec.rb": 0.09385251998901367,
  "spec/policies/resource_policy_spec.rb": 1.2107012271881104,
  "spec/controllers/resources_controller_spec.rb": 0.11237525939941406,
  "spec/controllers/startups_controller_spec.rb": 0.24106836318969727,
  "spec/services/instamojo/verify_payment_request_service_spec.rb": 0.21379804611206055,
  "spec/services/users/confirmation_service_spec.rb": 0.21296000480651855,
  "spec/features/six_ways/mooc_student_sign_up_spec.rb": 6.547458171844482,
  "spec/controllers/targets_controller_spec.rb": 2.0221543312072754,
  "spec/models/startup_spec.rb": 1.4614014625549316,
  "spec/features/admissions/payment_spec.rb": 3.443092107772827,
  "spec/features/resources_spec.rb": 1.835684061050415,
  "spec/lita/handlers/backup_spec.rb": 0.29544782638549805,
  "spec/models/user_spec.rb": 0.012243270874023438,
  "spec/features/founders/timeline_builder_spec.rb": 12.392182350158691,
  "spec/features/faculty/connect_spec.rb": 3.313535213470459,
  "spec/services/payments/billing_service_spec.rb": 1.2050487995147705,
  "spec/jobs/vocalist_ping_job_spec.rb": 0.2527737617492676,
  "spec/jobs/faculty_connect_session_reminder_job_spec.rb": 0.4985380172729492,
  "spec/features/dm_startup_feedback_spec.rb": 2.2157480716705322,
  "spec/features/founder_edit_spec.rb": 11.537554264068604,
  "spec/features/founders/fee_spec.rb": 0.7919266223907471,
  "spec/services/karma_points/create_service_spec.rb": 0.7690656185150146,
  "spec/features/six_ways/mooc_student_sign_in_spec.rb": 2.1579830646514893,
  "spec/lita/handlers/changelog_spec.rb": 0.023797988891601562,
  "spec/decorators/founder_decorator_spec.rb": 0.047456979751586914,
  "spec/features/feedback_popup_spec.rb": 1.550116777420044,
  "spec/validators/mobile_number_validator_spec.rb": 0.008158445358276367,
  "spec/features/admissions/screening_spec.rb": 8.389542818069458,
  "spec/jobs/database_cleanup_job_spec.rb": 0.24942493438720703,
  "spec/features/weekly_slots_spec.rb": 8.023435354232788,
  "spec/services/shortened_urls/shorten_service_spec.rb": 0.10927104949951172,
  "spec/services/intercom/inactive_user_deletion_service_spec.rb": 0.012689828872680664,
  "spec/jobs/timeline_events/description_update_notification_job_spec.rb": 0.1549990177154541,
  "spec/features/admissions/level_up_spec.rb": 2.5821211338043213,
  "spec/features/founders/target_overlay_spec.rb": 9.943586349487305,
  "spec/lita/handlers/leaderboard_spec.rb": 1.090660572052002,
  "spec/services/startups/product_name_generator_service_spec.rb": 0.0018701553344726562,
  "spec/controllers/instamojo_controller_spec.rb": 1.5990872383117676,
  "spec/services/targets/bulk_status_service_spec.rb": 4.744158506393433,
  "spec/validators/indian_mobile_number_validator_spec.rb": 0.007609128952026367,
  "spec/services/targets/status_service_spec.rb": 2.0150880813598633,
  "spec/services/public_slack/message_service_spec.rb": 0.133131742477417,
  "spec/services/timeline_events/verification_service_spec.rb": 1.984487771987915,
  "spec/features/about/leaderboard_spec.rb": 0.7394073009490967,
  "spec/validators/limit_image_resolution_validator_spec.rb": 0.005150794982910156,
  "spec/jobs/timeline_event_verification_notification_job_spec.rb": 0.4230508804321289,
  "spec/features/admissions/edit_founders_spec.rb": 17.119429111480713,
  "spec/services/timeline_event_types/list_service_spec.rb": 0.18613290786743164,
  "spec/services/targets/bulk_grade_service_spec.rb": 0.2610781192779541,
  "spec/services/startups/level_up_service_spec.rb": 0.3804495334625244,
  "spec/jobs/intercom_last_applicant_event_update_job_spec.rb": 0.06991410255432129,
  "spec/features/users/manual_sign_out_spec.rb": 0.525587797164917,
  "spec/services/coupons/applicability_service_spec.rb": 0.1366865634918213,
  "spec/services/public_slack/send_file_service_spec.rb": 0.051534175872802734,
  "spec/services/users/authentication_service_spec.rb": 0.1211392879486084,
  "spec/services/startups/leaderboard_service_spec.rb": 2.281771659851074,
  "spec/services/founders/dashboard_data_service_spec.rb": 2.4680538177490234,
  "spec/features/founders/dashboard_spec.rb": 10.063915014266968,
  "spec/policies/faculty_policy_spec.rb": 0.8131935596466064,
  "spec/models/founder_spec.rb": 0.28632378578186035,
  "spec/features/startup_edit_spec.rb": 0.9110722541809082,
  "spec/services/startups/restart_service_spec.rb": 0.5079827308654785,
  "spec/services/founders/registration_service_spec.rb": 0.14835381507873535,
  "spec/services/startups/level_up_eligibility_service_spec.rb": 1.2490615844726562,
  "spec/services/weekly_karma_points/create_service_spec.rb": 0.9951331615447998,
  "spec/features/custom_error_pages_spec.rb": 0.050096750259399414,
  "spec/features/admissions/registration_spec.rb": 12.810349464416504,
  "spec/features/talent_form_spec.rb": 4.3319408893585205,
  "spec/models/timeline_event_spec.rb": 1.287642002105713,
  "spec/services/targets/overlay_details_service_spec.rb": 0.5127284526824951,
  "spec/services/startups/performance_service_spec.rb": 1.0582096576690674,
  "spec/helpers/faculty_helper_spec.rb": 0.0017609596252441406
}