{
  "spec/models/founder_spec.rb": 0.6194708347320557,
  "spec/jobs/intercom_new_applicant_create_job_spec.rb": 0.05908393859863281,
  "spec/services/targets/stats_service_spec.rb": 8.481624126434326,
  "spec/jobs/vocalist_ping_job_spec.rb": 0.18572998046875,
  "spec/services/timeline_events/verification_service_spec.rb": 1.7864046096801758,
  "spec/services/founders/registration_service_spec.rb": 5.95743989944458,
  "spec/jobs/admission_stats_notification_job_spec.rb": 0.075714111328125,
  "spec/features/feedback_popup_spec.rb": 5.201088905334473,
  "spec/lita/handlers/backup_spec.rb": 0.22989916801452637,
  "spec/features/faculty/connect_spec.rb": 2.8957643508911133,
  "spec/controllers/instamojo_controller_spec.rb": 0.968101978302002,
  "spec/jobs/faculty_connect_session_reminder_job_spec.rb": 0.4199087619781494,
  "spec/features/weekly_slots_spec.rb": 3.699457883834839,
  "spec/services/batch_applications/mark_interview_attended_service_spec.rb": 0.7637765407562256,
  "spec/decorators/founder_decorator_spec.rb": 0.05761909484863281,
  "spec/features/admissions/pre_selection_stage_spec.rb": 15.882766008377075,
  "spec/jobs/batch_sweep_job_spec.rb": 7.331045150756836,
  "spec/services/timeline_event_types/list_service_spec.rb": 0.17751502990722656,
  "spec/features/founders/dashboard_spec.rb": 3.0604684352874756,
  "spec/services/intercom/inactive_user_deletion_service_spec.rb": 0.012017011642456055,
  "spec/features/six_ways/mooc_student_sign_up_spec.rb": 3.8939571380615234,
  "spec/services/users/confirmation_service_spec.rb": 0.16802597045898438,
  "spec/features/admissions/registration_spec.rb": 7.314149379730225,
  "spec/features/team_members_spec.rb": 1.384727954864502,
  "spec/features/startup_edit_spec.rb": 0.7932090759277344,
  "spec/jobs/intercom_last_applicant_event_update_job_spec.rb": 0.04549098014831543,
  "spec/policies/resource_policy_spec.rb": 0.6741547584533691,
  "spec/features/admissions/edit_founders_spec.rb": 7.752166986465454,
  "spec/models/timeline_event_spec.rb": 1.0389668941497803,
  "spec/lita/handlers/leaderboard_spec.rb": 0.004806995391845703,
  "spec/features/admissions/screening_spec.rb": 3.1150989532470703,
  "spec/jobs/timeline_events/description_update_notification_job_spec.rb": 0.14451909065246582,
  "spec/controllers/startups_controller_spec.rb": 0.22841906547546387,
  "spec/services/karma_points/create_service_spec.rb": 0.7780129909515381,
  "spec/models/batch_applicant_spec.rb": 0.05463099479675293,
  "spec/features/admissions/prospective_applicants_spec.rb": 4.212803840637207,
  "spec/models/program_week_spec.rb": 0.010267972946166992,
  "spec/models/target_group_spec.rb": 0.01085972785949707,
  "spec/policies/faculty_policy_spec.rb": 0.5875096321105957,
  "spec/models/batch_spec.rb": 0.013454675674438477,
  "spec/validators/slack_channel_name_validator_spec.rb": 0.008139371871948242,
  "spec/validators/indian_mobile_number_validator_spec.rb": 0.007006645202636719,
  "spec/validators/email_validator_spec.rb": 0.0019829273223876953,
  "spec/features/admissions/payment_spec.rb": 1.9689459800720215,
  "spec/lita/handlers/changelog_spec.rb": 0.002118825912475586,
  "spec/services/startups/level_up_eligibility_service_spec.rb": 0.9444348812103271,
  "spec/services/users/authentication_service_spec.rb": 0.0955343246459961,
  "spec/services/team_lead_restoration_service_spec.rb": 1.716270923614502,
  "spec/features/custom_error_pages_spec.rb": 0.06615614891052246,
  "spec/models/startup_spec.rb": 1.0614562034606934,
  "spec/services/startups/level_up_service_spec.rb": 0.32857632637023926,
  "spec/features/users/manual_sign_out_spec.rb": 0.4937307834625244,
  "spec/services/startups/product_name_generator_service_spec.rb": 0.007924795150756836,
  "spec/controllers/targets_controller_spec.rb": 0.23193025588989258,
  "spec/validators/limit_image_resolution_validator_spec.rb": 0.005223751068115234,
  "spec/lib/instamojo_spec.rb": 0.017087936401367188,
  "spec/lita/handlers/glossary_spec.rb": 0.014032602310180664,
  "spec/features/founder_edit_spec.rb": 5.334760904312134,
  "spec/features/dm_startup_feedback_spec.rb": 3.670999050140381,
  "spec/features/six_ways/mooc_student_sign_in_spec.rb": 2.132169008255005,
  "spec/services/targets/status_service_spec.rb": 1.687185525894165,
  "spec/jobs/database_cleanup_job_spec.rb": 0.18767309188842773,
  "spec/models/user_spec.rb": 0.010646343231201172,
  "spec/features/talent_form_spec.rb": 4.730195999145508,
  "spec/services/startups/restart_service_spec.rb": 0.5236661434173584,
  "spec/features/resources_spec.rb": 1.267758846282959,
  "spec/services/startups/performance_service_spec.rb": 4.986522197723389,
  "spec/models/batch_application_spec.rb": 1.4100584983825684,
  "spec/controllers/resources_controller_spec.rb": 0.07390713691711426,
  "spec/lib/public_slack_talk_spec.rb": 0.2558119297027588,
  "spec/helpers/faculty_helper_spec.rb": 0.0016109943389892578,
  "spec/services/admission_stats_service_spec.rb": 2.1702709197998047,
  "spec/validators/mobile_number_validator_spec.rb": 0.008071422576904297,
  "spec/jobs/timeline_event_verification_notification_job_spec.rb": 0.382612943649292,
  "spec/models/faculty_spec.rb": 0.1728200912475586
}