{
  "spec/controllers/resources_controller_spec.rb": 0.1461637020111084,
  "spec/validators/mobile_number_validator_spec.rb": 0.008667707443237305,
  "spec/controllers/instamojo_controller_spec.rb": 0.45044398307800293,
  "spec/services/startups/product_name_generator_service_spec.rb": 0.0024890899658203125,
  "spec/models/resource_spec.rb": 1.254378080368042,
  "spec/services/batch_applications/mark_interview_attended_service_spec.rb": 0.5502824783325195,
  "spec/features/feedback_popup_spec.rb": 5.391619920730591,
  "spec/jobs/batch_sweep_job_spec.rb": 3.6316471099853516,
  "spec/features/faculty_connect_spec.rb": 2.771012783050537,
  "spec/validators/indian_mobile_number_validator_spec.rb": 0.007376432418823242,
  "spec/features/batch_application/cofounder_addition_spec.rb": 0.5325486660003662,
  "spec/models/batch_applicant_spec.rb": 0.05125236511230469,
  "spec/lita/handlers/glossary_spec.rb": 0.01434183120727539,
  "spec/services/team_lead_restoration_service_spec.rb": 0.7468283176422119,
  "spec/features/admin/targets_spec.rb": 0.6597580909729004,
  "spec/models/batch_spec.rb": 0.014891862869262695,
  "spec/features/batch_application/pre_selection_stage_spec.rb": 6.128451347351074,
  "spec/helpers/faculty_helper_spec.rb": 0.002087831497192383,
  "spec/models/timeline_event_spec.rb": 0.978179931640625,
  "spec/decorators/founder_decorator_spec.rb": 0.028823137283325195,
  "spec/jobs/faculty_connect_session_reminder_job_spec.rb": 0.4433481693267822,
  "spec/lita/handlers/backup_spec.rb": 0.22067952156066895,
  "spec/routing/startups_routing_spec.rb": 0.0015158653259277344,
  "spec/features/resources_spec.rb": 2.962822198867798,
  "spec/jobs/admission_stats_notification_job_spec.rb": 0.0572361946105957,
  "spec/features/users/manual_sign_out_spec.rb": 0.564845085144043,
  "spec/features/six_ways/mooc_student_sign_in_spec.rb": 1.4203612804412842,
  "spec/models/program_week_spec.rb": 0.018043994903564453,
  "spec/features/batch_application/interview_stage_spec.rb": 1.1142277717590332,
  "spec/validators/slack_channel_name_validator_spec.rb": 0.008320093154907227,
  "spec/models/batch_application_spec.rb": 0.6130208969116211,
  "spec/features/weekly_slots_spec.rb": 2.5222268104553223,
  "spec/lib/public_slack_talk_spec.rb": 0.18799304962158203,
  "spec/features/founders/timeline_builder_spec.rb": 7.772431135177612,
  "spec/models/startup_spec.rb": 1.5703988075256348,
  "spec/services/targets/status_service_spec.rb": 1.582411289215088,
  "spec/lita/handlers/leaderboard_spec.rb": 0.031104087829589844,
  "spec/lita/handlers/changelog_spec.rb": 0.0014400482177734375,
  "spec/services/startups/performance_service_spec.rb": 3.151850938796997,
  "spec/features/custom_error_pages_spec.rb": 0.07324814796447754,
  "spec/models/target_group_spec.rb": 0.012598037719726562,
  "spec/services/targets/stats_service_spec.rb": 8.189353466033936,
  "spec/features/talent_form_spec.rb": 3.846189022064209,
  "spec/models/faculty_spec.rb": 0.13607406616210938,
  "spec/features/dm_startup_feedback_spec.rb": 3.2047202587127686,
  "spec/features/contact_form_spec.rb": 0.2935612201690674,
  "spec/features/six_ways/mooc_student_sign_up_spec.rb": 0.2848172187805176,
  "spec/services/timeline_event_types/list_service_spec.rb": 0.16770720481872559,
  "spec/features/batch_application/prospective_applicants_spec.rb": 0.15960192680358887,
  "spec/validators/email_validator_spec.rb": 0.002196073532104492,
  "spec/models/user_spec.rb": 0.01033329963684082,
  "spec/features/founders/dashboard_spec.rb": 5.04670786857605,
  "spec/lita/handlers/stats_spec.rb": 0.03515148162841797,
  "spec/features/batch_application/applying_to_sv_co_spec.rb": 2.54144549369812,
  "spec/services/startups/onboard_service_spec.rb": 3.179762840270996,
  "spec/models/founder_spec.rb": 0.32016468048095703,
  "spec/features/team_members_spec.rb": 1.278196096420288,
  "spec/services/users/authentication_service_spec.rb": 0.1000819206237793,
  "spec/features/startup_edit_spec.rb": 0.720435380935669,
  "spec/jobs/database_cleanup_job_spec.rb": 0.15616893768310547,
  "spec/lib/instamojo_spec.rb": 0.017375469207763672
}