{
  "spec/features/feedback_popup_spec.rb": 48.65484285354614,
  "spec/lita/handlers/changelog_spec.rb": 0.04041004180908203,
  "spec/features/faculty/connect_spec.rb": 4.841379880905151,
  "spec/jobs/vocalist_ping_job_spec.rb": 0.27776432037353516,
  "spec/services/startups/performance_service_spec.rb": 1.1342730522155762,
  "spec/controllers/targets_controller_spec.rb": 2.811324119567871,
  "spec/jobs/intercom_last_applicant_event_update_job_spec.rb": 0.06619596481323242,
  "spec/features/weekly_slots_spec.rb": 7.862099647521973,
  "spec/models/batch_application_spec.rb": 2.771324634552002,
  "spec/models/batch_spec.rb": 0.018897056579589844,
  "spec/lita/handlers/leaderboard_spec.rb": 1.4469475746154785,
  "spec/validators/indian_mobile_number_validator_spec.rb": 0.013078451156616211,
  "spec/validators/email_validator_spec.rb": 0.004039287567138672,
  "spec/services/startups/level_up_eligibility_service_spec.rb": 1.5839171409606934,
  "spec/jobs/timeline_event_verification_notification_job_spec.rb": 0.5498969554901123,
  "spec/services/timeline_events/verification_service_spec.rb": 2.7774956226348877,
  "spec/policies/resource_policy_spec.rb": 1.0122718811035156,
  "spec/decorators/founder_decorator_spec.rb": 0.05726766586303711,
  "spec/helpers/faculty_helper_spec.rb": 0.0030808448791503906,
  "spec/services/karma_points/create_service_spec.rb": 0.9999117851257324,
  "spec/services/users/confirmation_service_spec.rb": 0.2310328483581543,
  "spec/policies/faculty_policy_spec.rb": 0.9382133483886719,
  "spec/services/startups/restart_service_spec.rb": 0.9085516929626465,
  "spec/features/founder_edit_spec.rb": 10.7356698513031,
  "spec/validators/limit_image_resolution_validator_spec.rb": 0.005860090255737305,
  "spec/services/targets/stats_service_spec.rb": 10.781880140304565,
  "spec/features/admissions/prospective_applicants_spec.rb": 3.1414217948913574,
  "spec/features/admissions/pre_selection_stage_spec.rb": 23.353026151657104,
  "spec/lita/handlers/backup_spec.rb": 0.32946324348449707,
  "spec/services/targets/bulk_grade_service_spec.rb": 0.24417376518249512,
  "spec/features/admissions/screening_spec.rb": 5.2882537841796875,
  "spec/models/user_spec.rb": 0.01691412925720215,
  "spec/features/resources_spec.rb": 1.798257827758789,
  "spec/services/weekly_karma_points/create_service_spec.rb": 1.154761552810669,
  "spec/validators/slack_channel_name_validator_spec.rb": 0.01139378547668457,
  "spec/features/admissions/edit_founders_spec.rb": 13.026177406311035,
  "spec/validators/mobile_number_validator_spec.rb": 0.011678695678710938,
  "spec/services/timeline_event_types/list_service_spec.rb": 0.23834490776062012,
  "spec/services/users/analytics_state_service_spec.rb": 1.4044654369354248,
  "spec/features/founders/timeline_builder_spec.rb": 15.3740873336792,
  "spec/features/team_members_spec.rb": 2.1576740741729736,
  "spec/controllers/instamojo_controller_spec.rb": 1.1949658393859863,
  "spec/services/intercom/inactive_user_deletion_service_spec.rb": 0.013636112213134766,
  "spec/models/faculty_spec.rb": 0.09596109390258789,
  "spec/features/custom_error_pages_spec.rb": 0.05001425743103027,
  "spec/jobs/admission_stats_notification_job_spec.rb": 0.06368684768676758,
  "spec/controllers/startups_controller_spec.rb": 0.19303226470947266,
  "spec/services/founders/dashboard_data_service_spec.rb": 3.7052910327911377,
  "spec/services/users/authentication_service_spec.rb": 0.18259906768798828,
  "spec/features/dm_startup_feedback_spec.rb": 4.258789777755737,
  "spec/features/about/leaderboard_spec.rb": 0.8465919494628906,
  "spec/features/admissions/payment_spec.rb": 2.7893731594085693,
  "spec/services/startups/product_name_generator_service_spec.rb": 0.0041620731353759766,
  "spec/services/public_slack/message_service_spec.rb": 0.19046354293823242,
  "spec/services/startups/level_up_service_spec.rb": 0.46511411666870117,
  "spec/jobs/batch_sweep_job_spec.rb": 10.10215425491333,
  "spec/lib/public_slack_talk_spec.rb": 0.37453436851501465,
  "spec/controllers/resources_controller_spec.rb": 0.14510583877563477,
  "spec/services/batch_applications/mark_interview_attended_service_spec.rb": 0.9137489795684814,
  "spec/features/talent_form_spec.rb": 8.79368805885315,
  "spec/services/admission_stats_service_spec.rb": 3.17059588432312,
  "spec/services/team_lead_restoration_service_spec.rb": 2.4842238426208496,
  "spec/services/startups/leaderboard_service_spec.rb": 2.4597043991088867,
  "spec/services/shortened_urls/shorten_service_spec.rb": 0.10699295997619629,
  "spec/jobs/faculty_connect_session_reminder_job_spec.rb": 0.5913810729980469,
  "spec/services/founders/registration_service_spec.rb": 0.14117431640625,
  "spec/features/startup_edit_spec.rb": 1.0998167991638184,
  "spec/features/users/manual_sign_out_spec.rb": 0.6666171550750732,
  "spec/models/batch_applicant_spec.rb": 0.06832098960876465,
  "spec/models/startup_spec.rb": 1.522169828414917,
  "spec/features/six_ways/mooc_student_sign_in_spec.rb": 3.276210069656372,
  "spec/models/timeline_event_spec.rb": 1.5660924911499023,
  "spec/services/coupons/applicability_service_spec.rb": 0.259554386138916,
  "spec/features/six_ways/mooc_student_sign_up_spec.rb": 5.364001750946045,
  "spec/services/public_slack/send_file_service_spec.rb": 0.0712130069732666,
  "spec/services/targets/bulk_status_service_spec.rb": 3.6313507556915283,
  "spec/features/founders/dashboard_spec.rb": 21.3722882270813,
  "spec/lib/instamojo_spec.rb": 0.025472164154052734,
  "spec/features/admissions/registration_spec.rb": 15.935515403747559,
  "spec/jobs/timeline_events/description_update_notification_job_spec.rb": 0.16406512260437012,
  "spec/services/targets/status_service_spec.rb": 2.2032809257507324,
  "spec/models/founder_spec.rb": 0.3598666191101074,
  "spec/jobs/intercom_new_applicant_create_job_spec.rb": 0.06897997856140137,
  "spec/jobs/database_cleanup_job_spec.rb": 0.23743510246276855
}