{
  "spec/services/founders/accept_invitation_service_spec.rb": 7.542754650115967,
  "spec/jobs/vocalist_ping_job_spec.rb": 0.34246110916137695,
  "spec/features/founder_edit_spec.rb": 13.718697786331177,
  "spec/lita/handlers/changelog_spec.rb": 0.04059791564941406,
  "spec/jobs/timeline_event_verification_notification_job_spec.rb": 0.6258471012115479,
  "spec/controllers/resources_controller_spec.rb": 0.1737518310546875,
  "spec/services/targets/bulk_status_service_spec.rb": 5.955114841461182,
  "spec/services/targets/status_service_spec.rb": 2.8683576583862305,
  "spec/validators/email_validator_spec.rb": 0.003883838653564453,
  "spec/validators/limit_image_resolution_validator_spec.rb": 0.008144855499267578,
  "spec/services/founders/post_payment_service_spec.rb": 0.6047625541687012,
  "spec/jobs/timeline_events/description_update_notification_job_spec.rb": 0.19072604179382324,
  "spec/policies/resource_policy_spec.rb": 1.7558941841125488,
  "spec/features/feedback_popup_spec.rb": 2.4148287773132324,
  "spec/features/dm_startup_feedback_spec.rb": 2.6732981204986572,
  "spec/policies/faculty_policy_spec.rb": 1.2356722354888916,
  "spec/services/users/confirmation_service_spec.rb": 0.4434340000152588,
  "spec/services/payments/billing_service_spec.rb": 1.8556187152862549,
  "spec/controllers/instamojo_controller_spec.rb": 2.1236824989318848,
  "spec/jobs/database_cleanup_job_spec.rb": 0.3145179748535156,
  "spec/services/users/authentication_service_spec.rb": 0.22449946403503418,
  "spec/features/talent_form_spec.rb": 6.302816867828369,
  "spec/services/targets/stats_service_spec.rb": 15.098521947860718,
  "spec/jobs/intercom_last_applicant_event_update_job_spec.rb": 0.12331199645996094,
  "spec/services/startups/restart_service_spec.rb": 0.764484167098999,
  "spec/services/users/analytics_state_service_spec.rb": 2.5312891006469727,
  "spec/services/intercom/inactive_user_deletion_service_spec.rb": 60.030346632003784,
  "spec/services/timeline_events/verification_service_spec.rb": 2.8562028408050537,
  "spec/features/faculty/connect_spec.rb": 5.171786069869995,
  "spec/features/team_members_spec.rb": 2.2527353763580322,
  "spec/models/faculty_spec.rb": 0.1125020980834961,
  "spec/features/resources_spec.rb": 2.463967800140381,
  "spec/validators/mobile_number_validator_spec.rb": 0.012792825698852539,
  "spec/services/startups/level_up_eligibility_service_spec.rb": 1.8487417697906494,
  "spec/features/founders/timeline_builder_spec.rb": 17.35126757621765,
  "spec/jobs/intercom_new_applicant_create_job_spec.rb": 0.12549686431884766,
  "spec/controllers/startups_controller_spec.rb": 0.3684272766113281,
  "spec/services/public_slack/send_file_service_spec.rb": 0.08779191970825195,
  "spec/services/founders/registration_service_spec.rb": 0.3052659034729004,
  "spec/services/startups/performance_service_spec.rb": 1.4242122173309326,
  "spec/features/founders/dashboard_spec.rb": 30.78346300125122,
  "spec/helpers/faculty_helper_spec.rb": 0.0023276805877685547,
  "spec/models/startup_spec.rb": 2.1048085689544678,
  "spec/features/six_ways/mooc_student_sign_in_spec.rb": 2.988426685333252,
  "spec/services/weekly_karma_points/create_service_spec.rb": 1.7249293327331543,
  "spec/services/public_slack/message_service_spec.rb": 0.18220925331115723,
  "spec/jobs/faculty_connect_session_reminder_job_spec.rb": 0.6815259456634521,
  "spec/services/targets/bulk_grade_service_spec.rb": 0.3109009265899658,
  "spec/lib/instamojo_spec.rb": 0.023611783981323242,
  "spec/lita/handlers/backup_spec.rb": 0.39102649688720703,
  "spec/services/startups/leaderboard_service_spec.rb": 3.6774895191192627,
  "spec/services/startups/product_name_generator_service_spec.rb": 0.004032135009765625,
  "spec/features/six_ways/mooc_student_sign_up_spec.rb": 5.272685289382935,
  "spec/services/shortened_urls/shorten_service_spec.rb": 0.16988587379455566,
  "spec/services/karma_points/create_service_spec.rb": 1.2950396537780762,
  "spec/services/coupon_usages/referral_reward_service_spec.rb": 1.2059731483459473,
  "spec/features/admissions/payment_spec.rb": 5.470754623413086,
  "spec/features/founders/target_overlay_spec.rb": 17.239439487457275,
  "spec/features/about/leaderboard_spec.rb": 1.1663248538970947,
  "spec/controllers/targets_controller_spec.rb": 2.665847063064575,
  "spec/features/admissions/edit_founders_spec.rb": 28.153255224227905,
  "spec/lib/public_slack_talk_spec.rb": 0.4871041774749756,
  "spec/features/admissions/registration_spec.rb": 18.575419902801514,
  "spec/features/admissions/screening_spec.rb": 9.502728939056396,
  "spec/services/coupon_usages/redeem_service_spec.rb": 0.3130950927734375,
  "spec/services/founders/dashboard_data_service_spec.rb": 3.4305975437164307,
  "spec/features/users/manual_sign_out_spec.rb": 0.7424981594085693,
  "spec/features/custom_error_pages_spec.rb": 0.0542302131652832,
  "spec/features/founders/fee_spec.rb": 0.9306461811065674,
  "spec/validators/slack_channel_name_validator_spec.rb": 0.012856245040893555,
  "spec/services/startups/level_up_service_spec.rb": 0.5407428741455078,
  "spec/features/admissions/level_up_spec.rb": 3.9956119060516357,
  "spec/decorators/founder_decorator_spec.rb": 0.06834244728088379,
  "spec/models/timeline_event_spec.rb": 1.8249106407165527,
  "spec/lita/handlers/leaderboard_spec.rb": 1.5208218097686768,
  "spec/features/startup_edit_spec.rb": 1.2789692878723145,
  "spec/services/targets/overlay_details_service_spec.rb": 0.7213790416717529,
  "spec/models/founder_spec.rb": 0.38496923446655273,
  "spec/features/weekly_slots_spec.rb": 5.725942134857178,
  "spec/services/instamojo/verify_payment_request_service_spec.rb": 0.2955467700958252,
  "spec/validators/indian_mobile_number_validator_spec.rb": 0.01015925407409668,
  "spec/models/user_spec.rb": 0.014135360717773438,
  "spec/services/timeline_event_types/list_service_spec.rb": 0.20455098152160645
}