{
  "spec/services/targets/bulk_grade_service_spec.rb": 0.5023181438446045,
  "spec/features/founder_edit_spec.rb": 9.063526153564453,
  "spec/services/admission_stats_service_spec.rb": 2.790703058242798,
  "spec/models/startup_spec.rb": 1.1702466011047363,
  "spec/services/shortened_urls/shorten_service_spec.rb": 0.10725593566894531,
  "spec/features/faculty/connect_spec.rb": 2.891707181930542,
  "spec/jobs/timeline_events/description_update_notification_job_spec.rb": 0.10428071022033691,
  "spec/helpers/faculty_helper_spec.rb": 0.002025127410888672,
  "spec/jobs/admission_stats_notification_job_spec.rb": 0.040287017822265625,
  "spec/jobs/faculty_connect_session_reminder_job_spec.rb": 0.6720831394195557,
  "spec/jobs/vocalist_ping_job_spec.rb": 0.1954212188720703,
  "spec/validators/mobile_number_validator_spec.rb": 0.008111000061035156,
  "spec/models/timeline_event_spec.rb": 1.053774118423462,
  "spec/features/admissions/payment_spec.rb": 2.2192578315734863,
  "spec/models/batch_applicant_spec.rb": 0.05790114402770996,
  "spec/policies/resource_policy_spec.rb": 0.7145740985870361,
  "spec/features/admissions/registration_spec.rb": 9.232608556747437,
  "spec/features/admissions/screening_spec.rb": 3.5239341259002686,
  "spec/services/coupons/applicability_service_spec.rb": 0.24117088317871094,
  "spec/validators/limit_image_resolution_validator_spec.rb": 0.003283977508544922,
  "spec/models/founder_spec.rb": 0.32797718048095703,
  "spec/features/admissions/edit_founders_spec.rb": 7.820695161819458,
  "spec/services/users/analytics_state_service_spec.rb": 0.9967365264892578,
  "spec/services/targets/bulk_status_service_spec.rb": 2.441629648208618,
  "spec/lib/instamojo_spec.rb": 0.017375946044921875,
  "spec/features/users/manual_sign_out_spec.rb": 0.5959112644195557,
  "spec/services/startups/level_up_eligibility_service_spec.rb": 0.9434866905212402,
  "spec/services/startups/restart_service_spec.rb": 0.46300196647644043,
  "spec/services/startups/level_up_service_spec.rb": 0.33776187896728516,
  "spec/features/talent_form_spec.rb": 4.873047113418579,
  "spec/services/timeline_event_types/list_service_spec.rb": 0.1674790382385254,
  "spec/controllers/startups_controller_spec.rb": 0.19646310806274414,
  "spec/jobs/database_cleanup_job_spec.rb": 0.17563700675964355,
  "spec/decorators/founder_decorator_spec.rb": 0.042732954025268555,
  "spec/features/founders/timeline_builder_spec.rb": 9.897909879684448,
  "spec/features/startup_edit_spec.rb": 0.9332854747772217,
  "spec/services/weekly_karma_points/create_service_spec.rb": 0.8574850559234619,
  "spec/features/six_ways/mooc_student_sign_in_spec.rb": 2.3368608951568604,
  "spec/validators/email_validator_spec.rb": 0.0023338794708251953,
  "spec/features/feedback_popup_spec.rb": 1.918147087097168,
  "spec/jobs/intercom_last_applicant_event_update_job_spec.rb": 0.06804704666137695,
  "spec/models/batch_spec.rb": 0.014592170715332031,
  "spec/features/custom_error_pages_spec.rb": 0.054778099060058594,
  "spec/jobs/intercom_new_applicant_create_job_spec.rb": 0.06233406066894531,
  "spec/features/weekly_slots_spec.rb": 3.95784854888916,
  "spec/services/targets/status_service_spec.rb": 1.8626253604888916,
  "spec/features/about/leaderboard_spec.rb": 0.682171106338501,
  "spec/services/startups/product_name_generator_service_spec.rb": 0.001714944839477539,
  "spec/services/intercom/inactive_user_deletion_service_spec.rb": 0.010797977447509766,
  "spec/services/batch_applications/mark_interview_attended_service_spec.rb": 0.7474820613861084,
  "spec/models/batch_application_spec.rb": 1.6252236366271973,
  "spec/models/program_week_spec.rb": 0.021302223205566406,
  "spec/validators/slack_channel_name_validator_spec.rb": 0.008489131927490234,
  "spec/services/timeline_events/verification_service_spec.rb": 1.868128776550293,
  "spec/controllers/resources_controller_spec.rb": 0.0928800106048584,
  "spec/services/users/confirmation_service_spec.rb": 0.17224788665771484,
  "spec/services/public_slack/message_service_spec.rb": 0.13005876541137695,
  "spec/services/public_slack/send_file_service_spec.rb": 0.04448843002319336,
  "spec/lita/handlers/changelog_spec.rb": 0.018151044845581055,
  "spec/services/team_lead_restoration_service_spec.rb": 1.8386175632476807,
  "spec/jobs/timeline_event_verification_notification_job_spec.rb": 0.3453481197357178,
  "spec/models/target_group_spec.rb": 0.011657953262329102,
  "spec/features/team_members_spec.rb": 1.433605432510376,
  "spec/services/startups/leaderboard_service_spec.rb": 2.122680902481079,
  "spec/services/startups/performance_service_spec.rb": 0.7573001384735107,
  "spec/models/faculty_spec.rb": 0.08054924011230469,
  "spec/lita/handlers/leaderboard_spec.rb": 0.913715124130249,
  "spec/lita/handlers/backup_spec.rb": 0.24792814254760742,
  "spec/features/admissions/pre_selection_stage_spec.rb": 15.820095300674438,
  "spec/features/founders/dashboard_spec.rb": 13.977569103240967,
  "spec/controllers/targets_controller_spec.rb": 1.916975498199463,
  "spec/jobs/batch_sweep_job_spec.rb": 8.154575109481812,
  "spec/services/founders/registration_service_spec.rb": 0.11016988754272461,
  "spec/services/karma_points/create_service_spec.rb": 0.7148675918579102,
  "spec/features/resources_spec.rb": 1.6042776107788086,
  "spec/services/users/authentication_service_spec.rb": 0.11404609680175781,
  "spec/models/user_spec.rb": 0.009920835494995117,
  "spec/services/targets/stats_service_spec.rb": 8.559218406677246,
  "spec/features/six_ways/mooc_student_sign_up_spec.rb": 4.421313047409058,
  "spec/policies/faculty_policy_spec.rb": 0.7616488933563232,
  "spec/features/admissions/prospective_applicants_spec.rb": 2.2221598625183105,
  "spec/controllers/instamojo_controller_spec.rb": 1.0750577449798584,
  "spec/features/dm_startup_feedback_spec.rb": 3.639561891555786,
  "spec/validators/indian_mobile_number_validator_spec.rb": 0.00879812240600586,
  "spec/services/founders/dashboard_data_service_spec.rb": 2.2480430603027344,
  "spec/lib/public_slack_talk_spec.rb": 0.27678442001342773
}