{
  "spec/features/team_members_spec.rb": 2.5380561351776123,
  "spec/features/startup_edit_spec.rb": 0.723891019821167,
  "spec/features/weekly_slots_spec.rb": 4.774380922317505,
  "spec/validators/slack_channel_name_validator_spec.rb": 0.011147499084472656,
  "spec/controllers/targets_controller_spec.rb": 0.3573801517486572,
  "spec/features/dm_startup_feedback_spec.rb": 3.812405586242676,
  "spec/controllers/startups_controller_spec.rb": 0.16185498237609863,
  "spec/models/user_spec.rb": 0.011246919631958008,
  "spec/features/batch_application/pre_selection_stage_spec.rb": 8.034729957580566,
  "spec/services/startups/performance_service_spec.rb": 3.746450185775757,
  "spec/features/batch_application/3_coding_spec.rb": 3.2130491733551025,
  "spec/lib/public_slack_talk_spec.rb": 0.18515634536743164,
  "spec/jobs/batch_sweep_job_spec.rb": 5.677947044372559,
  "spec/models/timeline_event_spec.rb": 0.8609206676483154,
  "spec/services/startups/onboard_service_spec.rb": 5.178092002868652,
  "spec/features/batch_application/cofounder_addition_spec.rb": 3.4103829860687256,
  "spec/services/timeline_events/verification_service_spec.rb": 1.152083158493042,
  "spec/models/batch_spec.rb": 0.016780853271484375,
  "spec/services/users/authentication_service_spec.rb": 0.18232059478759766,
  "spec/features/batch_application/prospective_applicants_spec.rb": 1.8500370979309082,
  "spec/validators/mobile_number_validator_spec.rb": 0.009519338607788086,
  "spec/features/batch_application/0_registration_spec.rb": 1.6261720657348633,
  "spec/models/target_group_spec.rb": 0.016131162643432617,
  "spec/features/users/manual_sign_out_spec.rb": 0.4951817989349365,
  "spec/services/admission_stats_service_spec.rb": 1.168977975845337,
  "spec/models/faculty_spec.rb": 0.12758708000183105,
  "spec/jobs/admission_stats_notification_job_spec.rb": 0.03168511390686035,
  "spec/models/resource_spec.rb": 1.008573055267334,
  "spec/features/resources_spec.rb": 2.579052448272705,
  "spec/features/faculty_connect_spec.rb": 2.8493311405181885,
  "spec/features/batch_application/1_screening_spec.rb": 1.3591041564941406,
  "spec/features/batch_application/interview_stage_spec.rb": 2.419673442840576,
  "spec/services/startups/product_name_generator_service_spec.rb": 0.0015718936920166016,
  "spec/services/batch_applications/mark_interview_attended_service_spec.rb": 0.4337160587310791,
  "spec/features/custom_error_pages_spec.rb": 0.047744035720825195,
  "spec/features/founder_edit_spec.rb": 3.740950345993042,
  "spec/features/founders/dashboard_spec.rb": 4.138446092605591,
  "spec/services/targets/stats_service_spec.rb": 6.9490437507629395,
  "spec/models/program_week_spec.rb": 0.012028932571411133,
  "spec/helpers/faculty_helper_spec.rb": 0.0015430450439453125,
  "spec/controllers/instamojo_controller_spec.rb": 0.5050921440124512,
  "spec/features/talent_form_spec.rb": 3.547034978866577,
  "spec/jobs/database_cleanup_job_spec.rb": 0.15184903144836426,
  "spec/services/team_lead_restoration_service_spec.rb": 0.8669760227203369,
  "spec/lita/handlers/stats_spec.rb": 0.03472280502319336,
  "spec/validators/email_validator_spec.rb": 0.002396106719970703,
  "spec/models/startup_spec.rb": 1.020442247390747,
  "spec/lita/handlers/changelog_spec.rb": 0.001486063003540039,
  "spec/decorators/founder_decorator_spec.rb": 0.02525019645690918,
  "spec/services/targets/status_service_spec.rb": 1.338874101638794,
  "spec/models/batch_application_spec.rb": 0.896869421005249,
  "spec/lita/handlers/backup_spec.rb": 0.18215703964233398,
  "spec/features/six_ways/mooc_student_sign_up_spec.rb": 1.969146966934204,
  "spec/features/six_ways/mooc_student_sign_in_spec.rb": 1.446380853652954,
  "spec/models/batch_applicant_spec.rb": 0.06623554229736328,
  "spec/validators/indian_mobile_number_validator_spec.rb": 0.009267807006835938,
  "spec/services/startups/restart_service_spec.rb": 0.450514554977417,
  "spec/jobs/faculty_connect_session_reminder_job_spec.rb": 0.45276808738708496,
  "spec/lib/instamojo_spec.rb": 0.01783895492553711,
  "spec/lita/handlers/leaderboard_spec.rb": 0.005161285400390625,
  "spec/jobs/timeline_events/description_update_notification_job_spec.rb": 0.09049391746520996,
  "spec/jobs/timeline_event_verification_notification_job_spec.rb": 0.366318941116333,
  "spec/features/feedback_popup_spec.rb": 2.801448106765747,
  "spec/controllers/resources_controller_spec.rb": 0.09605765342712402,
  "spec/features/batch_application/2_payment_spec.rb": 1.9555425643920898,
  "spec/models/founder_spec.rb": 0.2725522518157959,
  "spec/services/timeline_event_types/list_service_spec.rb": 0.1575639247894287,
  "spec/lita/handlers/glossary_spec.rb": 0.01519322395324707
}