{
  "spec/controllers/targets_controller_spec.rb": 2.3517980575561523,
  "spec/lita/handlers/backup_spec.rb": 0.2912254333496094,
  "spec/features/founders/dashboard_spec.rb": 19.305802822113037,
  "spec/validators/limit_image_resolution_validator_spec.rb": 0.005430936813354492,
  "spec/services/targets/status_service_spec.rb": 1.584306240081787,
  "spec/features/admissions/screening_spec.rb": 3.744356155395508,
  "spec/controllers/startups_controller_spec.rb": 0.35094451904296875,
  "spec/validators/indian_mobile_number_validator_spec.rb": 0.007540225982666016,
  "spec/models/timeline_event_spec.rb": 1.1087968349456787,
  "spec/services/founders/registration_service_spec.rb": 0.3091602325439453,
  "spec/features/admissions/registration_spec.rb": 13.172860145568848,
  "spec/services/users/confirmation_service_spec.rb": 0.18936800956726074,
  "spec/features/custom_error_pages_spec.rb": 0.06118011474609375,
  "spec/jobs/vocalist_ping_job_spec.rb": 0.23334789276123047,
  "spec/services/startups/level_up_eligibility_service_spec.rb": 1.1746149063110352,
  "spec/features/admissions/pre_selection_stage_spec.rb": 16.141878128051758,
  "spec/controllers/instamojo_controller_spec.rb": 0.9856867790222168,
  "spec/decorators/founder_decorator_spec.rb": 0.042835235595703125,
  "spec/policies/faculty_policy_spec.rb": 0.6699466705322266,
  "spec/validators/mobile_number_validator_spec.rb": 0.009199142456054688,
  "spec/services/users/authentication_service_spec.rb": 0.11615586280822754,
  "spec/features/dm_startup_feedback_spec.rb": 3.4204530715942383,
  "spec/services/shortened_urls/shorten_service_spec.rb": 0.10001587867736816,
  "spec/lita/handlers/changelog_spec.rb": 0.02141284942626953,
  "spec/models/user_spec.rb": 0.011182069778442383,
  "spec/jobs/faculty_connect_session_reminder_job_spec.rb": 0.4992368221282959,
  "spec/services/targets/stats_service_spec.rb": 8.582796812057495,
  "spec/controllers/resources_controller_spec.rb": 0.09749221801757812,
  "spec/features/team_members_spec.rb": 1.5377986431121826,
  "spec/models/faculty_spec.rb": 0.07904934883117676,
  "spec/features/users/manual_sign_out_spec.rb": 0.5612995624542236,
  "spec/services/timeline_event_types/list_service_spec.rb": 0.1515331268310547,
  "spec/jobs/timeline_event_verification_notification_job_spec.rb": 0.36766624450683594,
  "spec/features/startup_edit_spec.rb": 0.9125857353210449,
  "spec/services/startups/restart_service_spec.rb": 0.4683980941772461,
  "spec/services/timeline_events/verification_service_spec.rb": 1.9389610290527344,
  "spec/services/public_slack/send_file_service_spec.rb": 0.04802393913269043,
  "spec/services/startups/leaderboard_service_spec.rb": 2.008561611175537,
  "spec/lib/public_slack_talk_spec.rb": 0.289874792098999,
  "spec/services/targets/bulk_grade_service_spec.rb": 0.19364595413208008,
  "spec/services/coupons/applicability_service_spec.rb": 0.2108757495880127,
  "spec/features/about/leaderboard_spec.rb": 0.647407054901123,
  "spec/features/admissions/prospective_applicants_spec.rb": 2.1138670444488525,
  "spec/features/founder_edit_spec.rb": 4.5188517570495605,
  "spec/features/feedback_popup_spec.rb": 1.7410650253295898,
  "spec/services/startups/performance_service_spec.rb": 0.7957518100738525,
  "spec/features/resources_spec.rb": 1.5733511447906494,
  "spec/helpers/faculty_helper_spec.rb": 0.0029172897338867188,
  "spec/validators/email_validator_spec.rb": 0.0034554004669189453,
  "spec/models/batch_spec.rb": 0.017428159713745117,
  "spec/services/founders/dashboard_data_service_spec.rb": 2.52852725982666,
  "spec/jobs/timeline_events/description_update_notification_job_spec.rb": 0.1125478744506836,
  "spec/jobs/database_cleanup_job_spec.rb": 0.20656299591064453,
  "spec/services/startups/level_up_service_spec.rb": 0.4046144485473633,
  "spec/jobs/intercom_new_applicant_create_job_spec.rb": 0.05841398239135742,
  "spec/features/admissions/payment_spec.rb": 2.34214186668396,
  "spec/services/public_slack/message_service_spec.rb": 0.13333392143249512,
  "spec/validators/slack_channel_name_validator_spec.rb": 0.008489608764648438,
  "spec/lita/handlers/leaderboard_spec.rb": 0.960702657699585,
  "spec/services/weekly_karma_points/create_service_spec.rb": 0.8256909847259521,
  "spec/features/weekly_slots_spec.rb": 5.828699350357056,
  "spec/services/startups/product_name_generator_service_spec.rb": 0.0016369819641113281,
  "spec/services/users/analytics_state_service_spec.rb": 1.001861810684204,
  "spec/features/six_ways/mooc_student_sign_in_spec.rb": 2.150024175643921,
  "spec/services/intercom/inactive_user_deletion_service_spec.rb": 0.017447710037231445,
  "spec/features/talent_form_spec.rb": 5.580929756164551,
  "spec/features/six_ways/mooc_student_sign_up_spec.rb": 3.5276029109954834,
  "spec/features/faculty/connect_spec.rb": 2.6560299396514893,
  "spec/services/karma_points/create_service_spec.rb": 0.7494471073150635,
  "spec/models/founder_spec.rb": 0.28515076637268066,
  "spec/policies/resource_policy_spec.rb": 0.7769925594329834,
  "spec/features/founders/timeline_builder_spec.rb": 11.34958004951477,
  "spec/features/admissions/edit_founders_spec.rb": 8.42765498161316,
  "spec/services/targets/bulk_status_service_spec.rb": 2.7120258808135986,
  "spec/lib/instamojo_spec.rb": 0.01759195327758789,
  "spec/jobs/intercom_last_applicant_event_update_job_spec.rb": 0.05423998832702637,
  "spec/models/startup_spec.rb": 1.3263447284698486
}